1,text,text
2,So either @XiberKernel got me sick! or I may have gotten food poisoning. It's gonna be a looooong night,So either @XiberKernel got me sick! or I may have gotten food poisoning
2,So either @XiberKernel got me sick! or I may have gotten food poisoning. It's gonna be a looooong night, It's gonna be a looooong night
3,I got food poisoning Ã­Â Â½Ã­Â²Â”,I got food poisoning 
4,@RogerVilchis pretty much i have food poisoning for the second day in a row.  Hahaha that is fucking awesome Ã­Â Â½Ã­Â¸Âˆ,@RogerVilchis pretty much i have food poisoning for the second day in a row
4,@RogerVilchis pretty much i have food poisoning for the second day in a row.  Hahaha that is fucking awesome Ã­Â Â½Ã­Â¸Âˆ,  Hahaha that is fucking awesome 
5,I think I have food poisoning. I've been throwing up like a sick grade schooler. All. Night.,I think I have food poisoning
5,I think I have food poisoning. I've been throwing up like a sick grade schooler. All. Night., I've been throwing up like a sick grade schooler
5,I think I have food poisoning. I've been throwing up like a sick grade schooler. All. Night., All
5,I think I have food poisoning. I've been throwing up like a sick grade schooler. All. Night., Night
6,@maggiehendricks Honestly I'm not sure I've had a recognizable case of food poisoning before! so I'm all paranoid about still feeling gross.,@maggiehendricks Honestly I'm not sure I've had a recognizable case of food poisoning before! so I'm all paranoid about still feeling gross
7,I got food poisoning last Saturday and my guts are still not happy.,I got food poisoning last Saturday and my guts are still not happy
8,Should I go with pink eye or food poisoning if I call in sick today?,Should I go with pink eye or food poisoning if I call in sick today?
9,@Eroticagoddess4 if we can aim for Friday. Not sure if I have the flu or food poisoning but in lousy shape either way.,@Eroticagoddess4 if we can aim for Friday
9,@Eroticagoddess4 if we can aim for Friday. Not sure if I have the flu or food poisoning but in lousy shape either way., Not sure if I have the flu or food poisoning but in lousy shape either way
10,My puke muscles are all sore after Thursday's food poisoning.,My puke muscles are all sore after Thursday's food poisoning
11,Why would I ever order from anywhere other than Taqueria El Ranchito? I've only gotten food poisoning from there once :),Why would I ever order from anywhere other than Taqueria El Ranchito? I've only gotten food poisoning from there once :)
12,Sneak Peek! Ã¢Â€Â¢ Monday night food poisoning attacked my body and I slept most of the night on theÃ¢Â€Â¦ https://t.co/vnreD2JuYW,Sneak Peek!  Monday night food poisoning attacked my body and I slept most of the night on the https://t
12,Sneak Peek! Ã¢Â€Â¢ Monday night food poisoning attacked my body and I slept most of the night on theÃ¢Â€Â¦ https://t.co/vnreD2JuYW,co/vnreD2JuYW
13,I think I got food poisoning Ã­Â Â½Ã­Â¸Â·Ã­Â Â½Ã­Â¸Â·,I think I got food poisoning 
14,So this is either food poisoning or the flu.  Either way it seems appropriate for my birthday.,So this is either food poisoning or the flu
14,So this is either food poisoning or the flu.  Either way it seems appropriate for my birthday.,  Either way it seems appropriate for my birthday
15,I think Amina got food poisoning wtf,I think Amina got food poisoning wtf
16,80% sure I have food poisoning and it is terrible.,80% sure I have food poisoning and it is terrible
17,@OriginalFandoms Well I found out I have gotten food poisoning. Yay me Ã­Â Â½Ã­Â¸Â?Ã­Â Â½Ã­Â¸Â? but I should be going back to school tomorrow.,@OriginalFandoms Well I found out I have gotten food poisoning
17,@OriginalFandoms Well I found out I have gotten food poisoning. Yay me Ã­Â Â½Ã­Â¸Â?Ã­Â Â½Ã­Â¸Â? but I should be going back to school tomorrow., Yay me  but I should be going back to school tomorrow
18,Let me find out I have food poisoning and IMA be mad asl.,Let me find out I have food poisoning and IMA be mad asl
19,Nothing like having food poisoning come on mid show #monslyfe #barflyfe night 1 of growlers @ LincolnÃ¢Â€Â¦ https://t.co/VGmjdZCZwP,Nothing like having food poisoning come on mid show #monslyfe #barflyfe night 1 of growlers @ Lincoln https://t
19,Nothing like having food poisoning come on mid show #monslyfe #barflyfe night 1 of growlers @ LincolnÃ¢Â€Â¦ https://t.co/VGmjdZCZwP,co/VGmjdZCZwP
20,food poisoning es no bueno Ã­Â Â½Ã­Â¸Âž,food poisoning es no bueno 
21,One way to loose those last 7 pounds. Food poisoning. Good thing my guy was there to take care of me the whole day. #swoon #relationship,One way to loose those last 7 pounds
21,One way to loose those last 7 pounds. Food poisoning. Good thing my guy was there to take care of me the whole day. #swoon #relationship, Food poisoning
21,One way to loose those last 7 pounds. Food poisoning. Good thing my guy was there to take care of me the whole day. #swoon #relationship, Good thing my guy was there to take care of me the whole day
21,One way to loose those last 7 pounds. Food poisoning. Good thing my guy was there to take care of me the whole day. #swoon #relationship, #swoon #relationship
22,There have been few times where I was scared that I was dying! but food poisoning is definitely the worst one.,There have been few times where I was scared that I was dying! but food poisoning is definitely the worst one
23,Have some kind of stomach bug or food poisoning Ã­Â Â½Ã­Â¸Â“ &amp;&amp; the #ChicagoBlizzard is happening outside Ã¢Â?Â„Ã¯Â¸Â?Ã¢Â?Â„Ã¯Â¸Â?Ã­Â Â¼Ã­Â¼Â€Ã­Â Â¼Ã­Â¼Â€,Have some kind of stomach bug or food poisoning  &amp;&amp; the #ChicagoBlizzard is happening outside 
24,I got food poisoning and I'm just....argh,I got food poisoning and I'm just
24,I got food poisoning and I'm just....argh,
24,I got food poisoning and I'm just....argh,
24,I got food poisoning and I'm just....argh,
24,I got food poisoning and I'm just....argh,argh
25,Getcho weak ass outta here @High_Im_Kels: I think I have food poisoning,Getcho weak ass outta here @High_Im_Kels: I think I have food poisoning
26,trying to figure out if this is food poisoning or the stomach flu .,trying to figure out if this is food poisoning or the stomach flu 
27,Ugh! food poisoning. Guess I'm not being productive today.,Ugh! food poisoning
27,Ugh! food poisoning. Guess I'm not being productive today., Guess I'm not being productive today
28,Food poisoning ain't nothing to play with... Fuck you panera pray for mike!!,Food poisoning ain't nothing to play with
28,Food poisoning ain't nothing to play with... Fuck you panera pray for mike!!,
28,Food poisoning ain't nothing to play with... Fuck you panera pray for mike!!,
28,Food poisoning ain't nothing to play with... Fuck you panera pray for mike!!, Fuck you panera pray for mike!!
29,My wife has food poisoning but we have no idea from where because we ate the exact same things this weekend. #sharingplates I'm invincible,My wife has food poisoning but we have no idea from where because we ate the exact same things this weekend
29,My wife has food poisoning but we have no idea from where because we ate the exact same things this weekend. #sharingplates I'm invincible, #sharingplates I'm invincible
30,S/O to star grill for the food poisoning ! @woahitstaryn @LoGro73,S/O to star grill for the food poisoning ! @woahitstaryn @LoGro73
31,Stomach virus/food poisoning..this is hell Ã­Â Â½Ã­Â¸ÂžÃ­Â Â½Ã­Â¸Â­,Stomach virus/food poisoning
31,Stomach virus/food poisoning..this is hell Ã­Â Â½Ã­Â¸ÂžÃ­Â Â½Ã­Â¸Â­,
31,Stomach virus/food poisoning..this is hell Ã­Â Â½Ã­Â¸ÂžÃ­Â Â½Ã­Â¸Â­,this is hell 
32,@_LeeLaw our stomachs can't handle it. Pretty sure I had food poisoning from it,@_LeeLaw our stomachs can't handle it
32,@_LeeLaw our stomachs can't handle it. Pretty sure I had food poisoning from it, Pretty sure I had food poisoning from it
33,You haven't lived until you've gotten extreme and messy food poisoning on a 12 hour flight. It was basically my worst nightmare.,You haven't lived until you've gotten extreme and messy food poisoning on a 12 hour flight
33,You haven't lived until you've gotten extreme and messy food poisoning on a 12 hour flight. It was basically my worst nightmare., It was basically my worst nightmare
34,@RestinpeaceRene calm down alcoholic!!! I think I have like food poisoning Ã­Â Â½Ã­Â´Â«,@RestinpeaceRene calm down alcoholic!!! I think I have like food poisoning 
35,Shoutout to Bdubs for giving me food poisoning this year. Fuck yo wings,Shoutout to Bdubs for giving me food poisoning this year
35,Shoutout to Bdubs for giving me food poisoning this year. Fuck yo wings, Fuck yo wings
36,Got food poisoning Ã­Â Â½Ã­Â¸Â· Im dyin,Got food poisoning  Im dyin
37,Quick shout out to @TBKtweets for giving me food poisoning! you made my post-Christmas weight loss much easier.,Quick shout out to @TBKtweets for giving me food poisoning! you made my post-Christmas weight loss much easier
38,Nothing says Christmas like food poisoning.,Nothing says Christmas like food poisoning
39,After 7 hours in the ER! severe dehydration! touch of the flu! and food poisoning is the outcome. #MerryChristmas Ã­Â Â½Ã­Â¸Â·Ã­Â Â½Ã­Â¸Â«,After 7 hours in the ER! severe dehydration! touch of the flu! and food poisoning is the outcome
39,After 7 hours in the ER! severe dehydration! touch of the flu! and food poisoning is the outcome. #MerryChristmas Ã­Â Â½Ã­Â¸Â·Ã­Â Â½Ã­Â¸Â«, #MerryChristmas 
40,Pretty positive I have food poisoning Ã­Â Â½Ã­Â¸Â©,Pretty positive I have food poisoning 
41,Food poisoning is the absolute worst ...,Food poisoning is the absolute worst 
42,Looks like no partying for me tonight. Stuck in bed with food poisoning. Ã­Â Â½Ã­Â¸Â”,Looks like no partying for me tonight
42,Looks like no partying for me tonight. Stuck in bed with food poisoning. Ã­Â Â½Ã­Â¸Â”, Stuck in bed with food poisoning
42,Looks like no partying for me tonight. Stuck in bed with food poisoning. Ã­Â Â½Ã­Â¸Â”, 
43,@FayroeFox the good news is food poisoning doesn't usually last long. Drink lots of water. Feel better soon.,@FayroeFox the good news is food poisoning doesn't usually last long
43,@FayroeFox the good news is food poisoning doesn't usually last long. Drink lots of water. Feel better soon., Drink lots of water
43,@FayroeFox the good news is food poisoning doesn't usually last long. Drink lots of water. Feel better soon., Feel better soon
44,Pretty sure I have food poisoning... Shoot me now! Ã­Â Â½Ã­Â¸Â©,Pretty sure I have food poisoning
44,Pretty sure I have food poisoning... Shoot me now! Ã­Â Â½Ã­Â¸Â©,
44,Pretty sure I have food poisoning... Shoot me now! Ã­Â Â½Ã­Â¸Â©,
44,Pretty sure I have food poisoning... Shoot me now! Ã­Â Â½Ã­Â¸Â©, Shoot me now! 
45,jfc so many ppl are arriving sick and getting food poisoning... #MFF,jfc so many ppl are arriving sick and getting food poisoning
45,jfc so many ppl are arriving sick and getting food poisoning... #MFF,
45,jfc so many ppl are arriving sick and getting food poisoning... #MFF,
45,jfc so many ppl are arriving sick and getting food poisoning... #MFF, #MFF
46,I think I might have gotten food poisoning or something because I just spent the last 14 hours dying lollol.,I think I might have gotten food poisoning or something because I just spent the last 14 hours dying lollol
47,I have food poisoning! which is God's way of telling me that I've had it too good for too long.,I have food poisoning! which is God's way of telling me that I've had it too good for too long
48,And he also thinks diarrhea is funny.,And he also thinks diarrhea is funny
49,if you got food poisoning would you go there again? noooo lmao exactly,if you got food poisoning would you go there again? noooo lmao exactly
50,But I've seen ppl doing nonsensical! gross! sometimes dangerous things when preparing food. That's why food poisoning is prevalent.,But I've seen ppl doing nonsensical! gross! sometimes dangerous things when preparing food
50,But I've seen ppl doing nonsensical! gross! sometimes dangerous things when preparing food. That's why food poisoning is prevalent., That's why food poisoning is prevalent
51,Wtf I better not get food poisoning again. This shit is not okay,Wtf I better not get food poisoning again
51,Wtf I better not get food poisoning again. This shit is not okay, This shit is not okay
52,Anyone wanna hit Jason's Deli? Anthony I don't give a fuck that you supposedly got food poisoning from there you lie about everything.,Anyone wanna hit Jason's Deli? Anthony I don't give a fuck that you supposedly got food poisoning from there you lie about everything
53,Food poisoning-1 Erin-0. Happy finals week. I hate you PaneraBread. I really really hate you.,Food poisoning-1 Erin-0
53,Food poisoning-1 Erin-0. Happy finals week. I hate you PaneraBread. I really really hate you., Happy finals week
53,Food poisoning-1 Erin-0. Happy finals week. I hate you PaneraBread. I really really hate you., I hate you PaneraBread
53,Food poisoning-1 Erin-0. Happy finals week. I hate you PaneraBread. I really really hate you., I really really hate you
54,@DanMewler sheetz has given me food poisoning at least once but idk sometimes that's just what u need,@DanMewler sheetz has given me food poisoning at least once but idk sometimes that's just what u need
55,Food poisoning is one of the worst things I have ever experienced! Ã­Â Â½Ã­Â¸Â£,Food poisoning is one of the worst things I have ever experienced! 
56,@thenaptownmedic no. i was too busy dying in nashville with food poisoning,@thenaptownmedic no
56,@thenaptownmedic no. i was too busy dying in nashville with food poisoning, i was too busy dying in nashville with food poisoning
57,V proud of myself for making ravioli and homemade Alfredo sauce AND brownies and not burning anything OR getting food poisoning. Ã­Â Â½Ã­Â±Â?,V proud of myself for making ravioli and homemade Alfredo sauce AND brownies and not burning anything OR getting food poisoning
57,V proud of myself for making ravioli and homemade Alfredo sauce AND brownies and not burning anything OR getting food poisoning. Ã­Â Â½Ã­Â±Â?, 
58,I think I have food poisoning Ã­Â Â½Ã­Â¸Â©Ã­Â Â½Ã­Â¸Â©,I think I have food poisoning 
59,@dazeavila you should drink to go home early from food poisoning,@dazeavila you should drink to go home early from food poisoning
60,Went To a hotel for Thanksgiving Dinner... Ended up with food poisoning for about a week. #ThanksgivingFail,Went To a hotel for Thanksgiving Dinner
60,Went To a hotel for Thanksgiving Dinner... Ended up with food poisoning for about a week. #ThanksgivingFail,
60,Went To a hotel for Thanksgiving Dinner... Ended up with food poisoning for about a week. #ThanksgivingFail,
60,Went To a hotel for Thanksgiving Dinner... Ended up with food poisoning for about a week. #ThanksgivingFail, Ended up with food poisoning for about a week
60,Went To a hotel for Thanksgiving Dinner... Ended up with food poisoning for about a week. #ThanksgivingFail, #ThanksgivingFail
61,Pretty sure I have food poisoning. It's gonna be a long night.,Pretty sure I have food poisoning
61,Pretty sure I have food poisoning. It's gonna be a long night., It's gonna be a long night
62,@amanda_murphy97 omg so right now you think you have food poisoning and the other day you had the stomach flu????,@amanda_murphy97 omg so right now you think you have food poisoning and the other day you had the stomach flu????
63,@amanda_murphy97 food poisoning?!?!?! From where??,@amanda_murphy97 food poisoning?!?!?! From where??
64,@Eric_Edholm sounds like something that would give you food poisoning,@Eric_Edholm sounds like something that would give you food poisoning
65,@ozzyugi hahaha. Is pizza good after food poisoning? Cuz I feel like around 10 I'm gonna want pizza so you should bring that too.,@ozzyugi hahaha
65,@ozzyugi hahaha. Is pizza good after food poisoning? Cuz I feel like around 10 I'm gonna want pizza so you should bring that too., Is pizza good after food poisoning? Cuz I feel like around 10 I'm gonna want pizza so you should bring that too
66,Oh. Zayn got food poisoning.,Oh
66,Oh. Zayn got food poisoning., Zayn got food poisoning
67,starting the week off super strong with food poisoning. #GoMe,starting the week off super strong with food poisoning
67,starting the week off super strong with food poisoning. #GoMe, #GoMe
68,Sick on the couch watching Home Alone. Food poisoning you're no fun.,Sick on the couch watching Home Alone
68,Sick on the couch watching Home Alone. Food poisoning you're no fun., Food poisoning you're no fun
69,@sammayb4 food poisoning is the actual worst,@sammayb4 food poisoning is the actual worst
70,Managed to get a new synth while enjoying a rousing bout of food poisoning. Silver lining to the day I guess.,Managed to get a new synth while enjoying a rousing bout of food poisoning
70,Managed to get a new synth while enjoying a rousing bout of food poisoning. Silver lining to the day I guess., Silver lining to the day I guess
71,I think I have food poisoning. However it isn't going to stop me from taking advantage of the first chance I've had to brew in a month.,I think I have food poisoning
71,I think I have food poisoning. However it isn't going to stop me from taking advantage of the first chance I've had to brew in a month., However it isn't going to stop me from taking advantage of the first chance I've had to brew in a month
72,I have food poisoning &amp; I'm on my way to a 5 year old's birthday party &amp; I already threw up all over my bathroom,I have food poisoning &amp; I'm on my way to a 5 year old's birthday party &amp; I already threw up all over my bathroom
73,Me and Cheryl may or may not have food poisoning from Wendy's.,Me and Cheryl may or may not have food poisoning from Wendy's
74,Oh nah!  can't afford another food poisoning! Ã­Â Â½Ã­Â¸Â¡Ã­Â Â½Ã­Â¸Â¤,Oh nah!  can't afford another food poisoning! 
75,They're trying to make me eat at a wedding from the same family member from another wedding I got food poisoning from. No thanks I'm good!,They're trying to make me eat at a wedding from the same family member from another wedding I got food poisoning from
75,They're trying to make me eat at a wedding from the same family member from another wedding I got food poisoning from. No thanks I'm good!, No thanks I'm good!
76,So SO heartbroken that I'm missing @ModernBaseball and @Somosbandma tonight. Ive been looking so forward to this. Damn you food poisoning...,So SO heartbroken that I'm missing @ModernBaseball and @Somosbandma tonight
76,So SO heartbroken that I'm missing @ModernBaseball and @Somosbandma tonight. Ive been looking so forward to this. Damn you food poisoning..., Ive been looking so forward to this
76,So SO heartbroken that I'm missing @ModernBaseball and @Somosbandma tonight. Ive been looking so forward to this. Damn you food poisoning..., Damn you food poisoning
77,Think I have some type of food poisoning.,Think I have some type of food poisoning
78,87th &amp; Dan Ryan Harold's is terrible. They stingy with the sauce &amp; I know like 3 ppl that got food poisoning from it sooooo,87th &amp; Dan Ryan Harold's is terrible
78,87th &amp; Dan Ryan Harold's is terrible. They stingy with the sauce &amp; I know like 3 ppl that got food poisoning from it sooooo, They stingy with the sauce &amp; I know like 3 ppl that got food poisoning from it sooooo
79,I got food poisoning from the all you can ear sushi bar last night but all i can think about is how good it was and how i want to go back,I got food poisoning from the all you can ear sushi bar last night but all i can think about is how good it was and how i want to go back
80,Food poisoning is something I fear on a daily basis... guess who's got it again??? I seriously must get food poisoning once a year.,Food poisoning is something I fear on a daily basis
80,Food poisoning is something I fear on a daily basis... guess who's got it again??? I seriously must get food poisoning once a year.,
80,Food poisoning is something I fear on a daily basis... guess who's got it again??? I seriously must get food poisoning once a year.,
80,Food poisoning is something I fear on a daily basis... guess who's got it again??? I seriously must get food poisoning once a year., guess who's got it again??? I seriously must get food poisoning once a year
81,Acabo de descubrir q el marisco es altemente alÃƒÂ©rgico y todo pq uno de la ofi comiÃƒÂ³ cangrejo! tuvo food poisoning y acabo en el hospital,Acabo de descubrir q el marisco es altemente alrgico y todo pq uno de la ofi comi cangrejo! tuvo food poisoning y acabo en el hospital
82,This has been a fine vacation. Had to skip the first half of it for work and I've been sick for the rest of it I think with food poisoning.,This has been a fine vacation
82,This has been a fine vacation. Had to skip the first half of it for work and I've been sick for the rest of it I think with food poisoning., Had to skip the first half of it for work and I've been sick for the rest of it I think with food poisoning
83,Stomach flu or either food poisoning. Omg. I hate my life.,Stomach flu or either food poisoning
83,Stomach flu or either food poisoning. Omg. I hate my life., Omg
83,Stomach flu or either food poisoning. Omg. I hate my life., I hate my life
84,@Avvesione I had an acute case of stomach flu/food poisoning on Monday night! so I spent all of Tuesday sleeping &amp; today recouping,@Avvesione I had an acute case of stomach flu/food poisoning on Monday night! so I spent all of Tuesday sleeping &amp; today recouping
85,@dawncflv that's not food poisoning w/ chills u must have a virus,@dawncflv that's not food poisoning w/ chills u must have a virus
86,the cool thing about missing work with food poisoning is that I get to feel like grim death from the comfort of my own home,the cool thing about missing work with food poisoning is that I get to feel like grim death from the comfort of my own home
87,this food poisoning thing can go kick rocks imo,this food poisoning thing can go kick rocks imo
88,When you puke on a weeknight in college from food poisoning and people think you're turnt Ã­Â Â½Ã­Â¸Â‘,When you puke on a weeknight in college from food poisoning and people think you're turnt 
89,I think I got food poisoning from Durbin's fml.,I think I got food poisoning from Durbin's fml
90,Feel like I got food poisoning or sum Ã­Â Â½Ã­Â¸Â·,Feel like I got food poisoning or sum 
91,Twitter! I've been battling food poisoning all night into this AM. Let's just say that today is NOT going to be awesome.... :(,Twitter! I've been battling food poisoning all night into this AM
91,Twitter! I've been battling food poisoning all night into this AM. Let's just say that today is NOT going to be awesome.... :(, Let's just say that today is NOT going to be awesome
91,Twitter! I've been battling food poisoning all night into this AM. Let's just say that today is NOT going to be awesome.... :(,
91,Twitter! I've been battling food poisoning all night into this AM. Let's just say that today is NOT going to be awesome.... :(,
91,Twitter! I've been battling food poisoning all night into this AM. Let's just say that today is NOT going to be awesome.... :(,
91,Twitter! I've been battling food poisoning all night into this AM. Let's just say that today is NOT going to be awesome.... :(, :(
92,@maliksahero this was when he was sick with food poisoning,@maliksahero this was when he was sick with food poisoning
93,Fuckkkk food poisoning! been yackin for hours Ã­Â Â½Ã­Â¸Â·Ã­Â Â½Ã­Â¸Â·,Fuckkkk food poisoning! been yackin for hours 
94,@g1bbs9 if it is food poisoning it usually resolved itself within 24 hours. Fingers crossed!,@g1bbs9 if it is food poisoning it usually resolved itself within 24 hours
94,@g1bbs9 if it is food poisoning it usually resolved itself within 24 hours. Fingers crossed!, Fingers crossed!
95,Street Food Poisoning #NYCIn3Words @midnight,Street Food Poisoning #NYCIn3Words @midnight
96,Food poisoning. Awesome. Not like I have a busy week or anything... #miserable,Food poisoning
96,Food poisoning. Awesome. Not like I have a busy week or anything... #miserable, Awesome
96,Food poisoning. Awesome. Not like I have a busy week or anything... #miserable, Not like I have a busy week or anything
96,Food poisoning. Awesome. Not like I have a busy week or anything... #miserable,
96,Food poisoning. Awesome. Not like I have a busy week or anything... #miserable,
96,Food poisoning. Awesome. Not like I have a busy week or anything... #miserable, #miserable
97,Spent 30$ at bdubs for food poisoning! love next time maybe they can run me 3 for 25$ poisoning on the side Ã­Â Â½Ã­Â¸Â·Ã­Â Â½Ã­Â¸Â·Ã­Â Â½Ã­Â¸Â±Ã­Â Â½Ã­Â¸Â±,Spent 30$ at bdubs for food poisoning! love next time maybe they can run me 3 for 25$ poisoning on the side 
98,man vs. food poisoning,man vs
98,man vs. food poisoning, food poisoning
99,Food poisoning is no fun.,Food poisoning is no fun
100,how the hell are we already at max bathroom capacity at work - food poisoning? this sucks,how the hell are we already at max bathroom capacity at work - food poisoning? this sucks
101,Going to try cooking for Val this weekend. I never cook. Aside from frozen pizza. I will 100% end up giving her food poisoning somehow.,Going to try cooking for Val this weekend
101,Going to try cooking for Val this weekend. I never cook. Aside from frozen pizza. I will 100% end up giving her food poisoning somehow., I never cook
101,Going to try cooking for Val this weekend. I never cook. Aside from frozen pizza. I will 100% end up giving her food poisoning somehow., Aside from frozen pizza
101,Going to try cooking for Val this weekend. I never cook. Aside from frozen pizza. I will 100% end up giving her food poisoning somehow., I will 100% end up giving her food poisoning somehow
102,Thank u bdubs for giving me food poisoning the day before my physics midterm,Thank u bdubs for giving me food poisoning the day before my physics midterm
103,@Cordoor_4 @KenReynolds20 Cori I'd truly rather get food poisoning,@Cordoor_4 @KenReynolds20 Cori I'd truly rather get food poisoning
104,@SSchitown201 Im not surprised! Food poisoning is something im afraid of too,@SSchitown201 Im not surprised! Food poisoning is something im afraid of too
105,Wow thanks for running my day food poisoning.,Wow thanks for running my day food poisoning
106,Elizabeth has food poisoning. Cool.,Elizabeth has food poisoning
106,Elizabeth has food poisoning. Cool., Cool
107,@ninnybutt yeah just food poisoning :/,@ninnybutt yeah just food poisoning :/
108,I got food poisoning from the hotel pasta we had for lunch I'm pissed,I got food poisoning from the hotel pasta we had for lunch I'm pissed
109,Those who say I've had no successes are so wrong: as of tonight I've *sucessfully* gotten food poisoning from BOTH Taco Bell and Del Taco,Those who say I've had no successes are so wrong: as of tonight I've *sucessfully* gotten food poisoning from BOTH Taco Bell and Del Taco
110,@Vileself me! then cod aw grind i have food poisoning lmao,@Vileself me! then cod aw grind i have food poisoning lmao
111,Fuck food poisoning.,Fuck food poisoning
112,@bassoonicorn but the food poisoning!,@bassoonicorn but the food poisoning!
113,I get food poisoning because some pos didn't want to wash his hands after using the restroom. Fml.,I get food poisoning because some pos didn't want to wash his hands after using the restroom
113,I get food poisoning because some pos didn't want to wash his hands after using the restroom. Fml., Fml
114,@DonnieWahlberg good is an overstatement curled up in a fetal position from food poisoning how's ur day,@DonnieWahlberg good is an overstatement curled up in a fetal position from food poisoning how's ur day
115,Wassup twitter!  today I'm nt feeling well...at home In bed; idk If it's food poisoning or what but overall I'm not feeling it Ã­Â Â½Ã­Â¸Â·,Wassup twitter!  today I'm nt feeling well
115,Wassup twitter!  today I'm nt feeling well...at home In bed; idk If it's food poisoning or what but overall I'm not feeling it Ã­Â Â½Ã­Â¸Â·,
115,Wassup twitter!  today I'm nt feeling well...at home In bed; idk If it's food poisoning or what but overall I'm not feeling it Ã­Â Â½Ã­Â¸Â·,
115,Wassup twitter!  today I'm nt feeling well...at home In bed; idk If it's food poisoning or what but overall I'm not feeling it Ã­Â Â½Ã­Â¸Â·,at home In bed; idk If it's food poisoning or what but overall I'm not feeling it 
116,@joeymcintyre I got food poisoning! you win lmaoooo,@joeymcintyre I got food poisoning! you win lmaoooo
117,apparently I do not have the flu but food poisoning. lovely...,apparently I do not have the flu but food poisoning
117,apparently I do not have the flu but food poisoning. lovely..., lovely
118,@blackmadonnachi nothing was crueler than flying first to Japan &amp; 3 days later coach on Malaysian Air for 12 hours with food poisoning.,@blackmadonnachi nothing was crueler than flying first to Japan &amp; 3 days later coach on Malaysian Air for 12 hours with food poisoning
119,@SuperBad_ food poisoning but I still went to the interview.,@SuperBad_ food poisoning but I still went to the interview
120,I'd rather have food poisoning than strep throat. And I'm not just saying that because I have strep right now. It's literally The Worst.,I'd rather have food poisoning than strep throat
120,I'd rather have food poisoning than strep throat. And I'm not just saying that because I have strep right now. It's literally The Worst., And I'm not just saying that because I have strep right now
120,I'd rather have food poisoning than strep throat. And I'm not just saying that because I have strep right now. It's literally The Worst., It's literally The Worst
121,Granite City sounds like a terrible place to get anything other than food poisoning or scabies,Granite City sounds like a terrible place to get anything other than food poisoning or scabies
122,@cisko @Gen_Con It definitely is. I need a do-over from my last Gencon food poisoning experience.,@cisko @Gen_Con It definitely is
122,@cisko @Gen_Con It definitely is. I need a do-over from my last Gencon food poisoning experience., I need a do-over from my last Gencon food poisoning experience
123,@JoeGermuska @manuelaristaran Millions are being spent talking about @derekeder Flu shot and Food Poisoning apps.,@JoeGermuska @manuelaristaran Millions are being spent talking about @derekeder Flu shot and Food Poisoning apps
124,yay food poisoning,yay food poisoning
125,@CurtisMMorrison I used to like it! but after a bad bout of food poisoning! zucchini and I are no longer friends.,@CurtisMMorrison I used to like it! but after a bad bout of food poisoning! zucchini and I are no longer friends
126,@blergh that or food poisoning,@blergh that or food poisoning
127,@Bgfilly Good!!! Food poisoning is nothing to mess around with. SMH...,@Bgfilly Good!!! Food poisoning is nothing to mess around with
127,@Bgfilly Good!!! Food poisoning is nothing to mess around with. SMH..., SMH
128,This song always reminds me of @Jakkattackk mostly because she got food poisoning in El Paso @sickofsarah http://t.co/HiUbSINlCn,This song always reminds me of @Jakkattackk mostly because she got food poisoning in El Paso @sickofsarah http://t
128,This song always reminds me of @Jakkattackk mostly because she got food poisoning in El Paso @sickofsarah http://t.co/HiUbSINlCn,co/HiUbSINlCn
129,I just love having food poisoning Ã­Â Â½Ã­Â¸ÂƒÃ­Â Â½Ã­Â±ÂŒÃ­Â Â½Ã­Â¸Â…,I just love having food poisoning 
130,.@RobLowe I feel like Chris would be losing his shit worse than that episode where he was actually losing his shit. Food poisoning &lt; Ebola,
130,.@RobLowe I feel like Chris would be losing his shit worse than that episode where he was actually losing his shit. Food poisoning &lt; Ebola,@RobLowe I feel like Chris would be losing his shit worse than that episode where he was actually losing his shit
130,.@RobLowe I feel like Chris would be losing his shit worse than that episode where he was actually losing his shit. Food poisoning &lt; Ebola, Food poisoning &lt; Ebola
131,How do you know when you have food poisoning?,How do you know when you have food poisoning?
132,It's just food poisoning.,It's just food poisoning
133,I got food poisoning today. I don't know when I'll use it.,I got food poisoning today
133,I got food poisoning today. I don't know when I'll use it., I don't know when I'll use it
134,I'm just kidding it's too soon for that joke I had food poisoning and I think it was Olive Garden but I'm alive and well,I'm just kidding it's too soon for that joke I had food poisoning and I think it was Olive Garden but I'm alive and well
135,@gold_f1nger food poisoning! oregon thumb always was says that,@gold_f1nger food poisoning! oregon thumb always was says that
136,and i have hella food poisoning so ima just stay here,and i have hella food poisoning so ima just stay here
137,I hope I get food poisoning everybody cross your fingers for me this is something I've always wanted,I hope I get food poisoning everybody cross your fingers for me this is something I've always wanted
138,I'm too cool to worry about food poisoning,I'm too cool to worry about food poisoning
139,Food poisoning Aint NO JOKE,Food poisoning Aint NO JOKE
140,I think I have food poisoning but I have a product reveal scheduled for today! What are some quick fixes for food poisoning? #entrepreneur,I think I have food poisoning but I have a product reveal scheduled for today! What are some quick fixes for food poisoning? #entrepreneur
141,I never thought chipotle would deceive me... I think I got food poisoning Ã­Â Â½Ã­Â¸Â–Ã­Â Â½Ã­Â¸Â”,I never thought chipotle would deceive me
141,I never thought chipotle would deceive me... I think I got food poisoning Ã­Â Â½Ã­Â¸Â–Ã­Â Â½Ã­Â¸Â”,
141,I never thought chipotle would deceive me... I think I got food poisoning Ã­Â Â½Ã­Â¸Â–Ã­Â Â½Ã­Â¸Â”,
141,I never thought chipotle would deceive me... I think I got food poisoning Ã­Â Â½Ã­Â¸Â–Ã­Â Â½Ã­Â¸Â”, I think I got food poisoning 
142,@jheath food poisoning?,@jheath food poisoning?
143,food poisoning or nah Ã­Â Â½Ã­Â¸Â’Ã­Â Â½Ã­Â²Â€,food poisoning or nah 
144,@BidwellFog Chinese Food. Got food poisoning &amp; landed myself in the hospital from it.,@BidwellFog Chinese Food
144,@BidwellFog Chinese Food. Got food poisoning &amp; landed myself in the hospital from it., Got food poisoning &amp; landed myself in the hospital from it
145,@Dot_Collins96 @josthekeeed coward? I hope you get food poisoning from that Wendy's you got from a great friend of yours,@Dot_Collins96 @josthekeeed coward? I hope you get food poisoning from that Wendy's you got from a great friend of yours
146,@PATAFRIA bruh I'm fighting food poisoning and their recommendations were Vicks and 7up. I caaaaant.,@PATAFRIA bruh I'm fighting food poisoning and their recommendations were Vicks and 7up
146,@PATAFRIA bruh I'm fighting food poisoning and their recommendations were Vicks and 7up. I caaaaant., I caaaaant
147,Carrots &amp; hummus! and strawberries for breakfast because I'm scared to eat real food after that food poisoning yesterday.,Carrots &amp; hummus! and strawberries for breakfast because I'm scared to eat real food after that food poisoning yesterday
148,So! picture this. Saturday morning. My first plans fell through bc of food poisoning (luv u bb @NorthShoreNanny) so I'm doing laundry,So! picture this
148,So! picture this. Saturday morning. My first plans fell through bc of food poisoning (luv u bb @NorthShoreNanny) so I'm doing laundry, Saturday morning
148,So! picture this. Saturday morning. My first plans fell through bc of food poisoning (luv u bb @NorthShoreNanny) so I'm doing laundry, My first plans fell through bc of food poisoning (luv u bb @NorthShoreNanny) so I'm doing laundry
149,FOR THE RECORD: The worst time to get food poisoning (or stomach bug) is during #nycwff - #mandown #outofcommission #fatsofail #fb,FOR THE RECORD: The worst time to get food poisoning (or stomach bug) is during #nycwff - #mandown #outofcommission #fatsofail #fb
150,@pedroiar the whole story is weird. They haven't even said if she's been tested for Ebola. Maybe she just got motion sick? Food poisoning?,@pedroiar the whole story is weird
150,@pedroiar the whole story is weird. They haven't even said if she's been tested for Ebola. Maybe she just got motion sick? Food poisoning?, They haven't even said if she's been tested for Ebola
150,@pedroiar the whole story is weird. They haven't even said if she's been tested for Ebola. Maybe she just got motion sick? Food poisoning?, Maybe she just got motion sick? Food poisoning?
151,Confident I have food poisoning,Confident I have food poisoning
152,Oh! heyyyy...I got a slight case of food poisoning. That's terrific. Ã­Â Â½Ã­Â¸Â•,Oh! heyyyy
152,Oh! heyyyy...I got a slight case of food poisoning. That's terrific. Ã­Â Â½Ã­Â¸Â•,
152,Oh! heyyyy...I got a slight case of food poisoning. That's terrific. Ã­Â Â½Ã­Â¸Â•,
152,Oh! heyyyy...I got a slight case of food poisoning. That's terrific. Ã­Â Â½Ã­Â¸Â•,I got a slight case of food poisoning
152,Oh! heyyyy...I got a slight case of food poisoning. That's terrific. Ã­Â Â½Ã­Â¸Â•, That's terrific
152,Oh! heyyyy...I got a slight case of food poisoning. That's terrific. Ã­Â Â½Ã­Â¸Â•, 
153,I think I have food poisoning ...,I think I have food poisoning 
154,@samlliles lol I promise it was just a joke. But I'm sorry! food poisoning is awful. Feel better!,@samlliles lol I promise it was just a joke
154,@samlliles lol I promise it was just a joke. But I'm sorry! food poisoning is awful. Feel better!, But I'm sorry! food poisoning is awful
154,@samlliles lol I promise it was just a joke. But I'm sorry! food poisoning is awful. Feel better!, Feel better!
155,Haven't ate an actual meal since Monday..and when I did I got food poisoning #gome,Haven't ate an actual meal since Monday
155,Haven't ate an actual meal since Monday..and when I did I got food poisoning #gome,
155,Haven't ate an actual meal since Monday..and when I did I got food poisoning #gome,and when I did I got food poisoning #gome
156,Well. Day two post food poisoning. Can't decide if my stomach hurts or its starving from barely eating for 3 days.,Well
156,Well. Day two post food poisoning. Can't decide if my stomach hurts or its starving from barely eating for 3 days., Day two post food poisoning
156,Well. Day two post food poisoning. Can't decide if my stomach hurts or its starving from barely eating for 3 days., Can't decide if my stomach hurts or its starving from barely eating for 3 days
157,@mohbarah @JarrarM ,@mohbarah @JarrarM 
158,Symptoms from the most common types of food poisoning will often start within 2 - 6 hours of eating the food.,Symptoms from the most common types of food poisoning will often start within 2 - 6 hours of eating the food
159,@dskolarus42 that happened to me once but it turned out to be food poisoning lol,@dskolarus42 that happened to me once but it turned out to be food poisoning lol
160,Prettyy sure I have food poisoning... That or Ebola (thanks a lot @JeniScarlett !),Prettyy sure I have food poisoning
160,Prettyy sure I have food poisoning... That or Ebola (thanks a lot @JeniScarlett !),
160,Prettyy sure I have food poisoning... That or Ebola (thanks a lot @JeniScarlett !),
160,Prettyy sure I have food poisoning... That or Ebola (thanks a lot @JeniScarlett !), That or Ebola (thanks a lot @JeniScarlett !)
161,@Miguel_M1GS I was traveling and then got food poisoning. :(,@Miguel_M1GS I was traveling and then got food poisoning
161,@Miguel_M1GS I was traveling and then got food poisoning. :(, :(
162,@Bulldawg11 a little. Nasty food poisoning.,@Bulldawg11 a little
162,@Bulldawg11 a little. Nasty food poisoning., Nasty food poisoning
163,lesson one of grad school: never get sick. especially from food poisoning,lesson one of grad school: never get sick
163,lesson one of grad school: never get sick. especially from food poisoning, especially from food poisoning
164,@taylatayla333_ @guadalupe_1421 food poisoning from that shitty coffee then Ã­Â Â½Ã­Â¸Â‚,@taylatayla333_ @guadalupe_1421 food poisoning from that shitty coffee then 
165,@culvers thanks for the food poisoning Ã¢Â?Â¤Ã¯Â¸Â?,@culvers thanks for the food poisoning 
166,Probably shouldn't eat sushi when I'm home sick with food poisoning...right? #cravings,Probably shouldn't eat sushi when I'm home sick with food poisoning
166,Probably shouldn't eat sushi when I'm home sick with food poisoning...right? #cravings,
166,Probably shouldn't eat sushi when I'm home sick with food poisoning...right? #cravings,
166,Probably shouldn't eat sushi when I'm home sick with food poisoning...right? #cravings,right? #cravings
167,Day three of mild food poisoning is less fun than you think it would be #tummyache,Day three of mild food poisoning is less fun than you think it would be #tummyache
168,Food poisoning sucks Ã­Â Â½Ã­Â¸Â·,Food poisoning sucks 
169,I feel like i got food poisoning Ã­Â Â½Ã­Â¸Â”Ã­Â Â½Ã­Â¸Â”,I feel like i got food poisoning 
170,Thank You @Subway for giving me food poisoning and for that here's a big FUCK YOU,Thank You @Subway for giving me food poisoning and for that here's a big FUCK YOU
171,Like I'm hot and cold at the same time...do I have food poisoning Ã­Â Â½Ã­Â¸Â³,Like I'm hot and cold at the same time
171,Like I'm hot and cold at the same time...do I have food poisoning Ã­Â Â½Ã­Â¸Â³,
171,Like I'm hot and cold at the same time...do I have food poisoning Ã­Â Â½Ã­Â¸Â³,
171,Like I'm hot and cold at the same time...do I have food poisoning Ã­Â Â½Ã­Â¸Â³,do I have food poisoning 
172,Food poisoning Ã­Â Â½Ã­Â¸Â·,Food poisoning 
173,Between my blocked salivary gland last week and yesterday's horrific food poisoning! I should be down a pant size! right? #thatshowthisworks,Between my blocked salivary gland last week and yesterday's horrific food poisoning! I should be down a pant size! right? #thatshowthisworks
174,Nothing makes getting over food poisoning more delightful than seeing an ad for something called a Cookie Butter Burger. #gross,Nothing makes getting over food poisoning more delightful than seeing an ad for something called a Cookie Butter Burger
174,Nothing makes getting over food poisoning more delightful than seeing an ad for something called a Cookie Butter Burger. #gross, #gross
175,@LouMalnatis I love your pizza so much. But is it possible that the spinach pie gave me food poisoning today? Sure seems like something did.,@LouMalnatis I love your pizza so much
175,@LouMalnatis I love your pizza so much. But is it possible that the spinach pie gave me food poisoning today? Sure seems like something did., But is it possible that the spinach pie gave me food poisoning today? Sure seems like something did
176,@Px2814 @karend_ it's the only thing i can ever keep down when i have food poisoning! as now. No go on water.,@Px2814 @karend_ it's the only thing i can ever keep down when i have food poisoning! as now
176,@Px2814 @karend_ it's the only thing i can ever keep down when i have food poisoning! as now. No go on water., No go on water
177,@WholeFoods mgmt stinks. When someone gets food poisoning at your store! you want to do everything you can to keep them. They don't. Run.,@WholeFoods mgmt stinks
177,@WholeFoods mgmt stinks. When someone gets food poisoning at your store! you want to do everything you can to keep them. They don't. Run., When someone gets food poisoning at your store! you want to do everything you can to keep them
177,@WholeFoods mgmt stinks. When someone gets food poisoning at your store! you want to do everything you can to keep them. They don't. Run., They don't
177,@WholeFoods mgmt stinks. When someone gets food poisoning at your store! you want to do everything you can to keep them. They don't. Run., Run
178,Name some shit worse then food poisoning.,Name some shit worse then food poisoning
179,@chutneyoverrice nothing? Food poisoning happens.,@chutneyoverrice nothing? Food poisoning happens
180,skills include: being able to teach a makeup tutorial about how to cover up all your broken blood vessels after a 3am food poisoning bout.,skills include: being able to teach a makeup tutorial about how to cover up all your broken blood vessels after a 3am food poisoning bout
181,Google Drive workshop gonna be a blast after food poisoning yesterday.,Google Drive workshop gonna be a blast after food poisoning yesterday
182,I think Hardee's just gave me food poisoning,I think Hardee's just gave me food poisoning
183,food poisoning is so much fun,food poisoning is so much fun
184,@bibliogrrl I thought mine was food poisoning at first too. But I'm pretty sure I had a fever and aches and pains.,@bibliogrrl I thought mine was food poisoning at first too
184,@bibliogrrl I thought mine was food poisoning at first too. But I'm pretty sure I had a fever and aches and pains., But I'm pretty sure I had a fever and aches and pains
185,I'm sorry but you do not get food poisoning from cheetos.,I'm sorry but you do not get food poisoning from cheetos
186,Ã¢Â™Â«It's my birthday and I can turn my assignment in a week late if I want to,It's my birthday and I can turn my assignment in a week late if I want to
187,Ã¢Â™Â«You would turn it in late too if food poisoning happened to youu,You would turn it in late too if food poisoning happened to youu
188,Every time I plan to get a flu shot! I get sick again. Ugh! fuck you! stomach virus. Or food poisoning. Whichever.,Every time I plan to get a flu shot! I get sick again
188,Every time I plan to get a flu shot! I get sick again. Ugh! fuck you! stomach virus. Or food poisoning. Whichever., Ugh! fuck you! stomach virus
188,Every time I plan to get a flu shot! I get sick again. Ugh! fuck you! stomach virus. Or food poisoning. Whichever., Or food poisoning
188,Every time I plan to get a flu shot! I get sick again. Ugh! fuck you! stomach virus. Or food poisoning. Whichever., Whichever
189,Possibly have food poisoning the night before the exam so this great,Possibly have food poisoning the night before the exam so this great
190,@GreenieJules Like the joy of cooking except you will get food poisoning instead. Lol.,@GreenieJules Like the joy of cooking except you will get food poisoning instead
190,@GreenieJules Like the joy of cooking except you will get food poisoning instead. Lol., Lol
191,Food poisoning sucks,Food poisoning sucks
192,I think I'm the only person on earth who can't just puke and get it over with when I have food poisoning #ridiculous #ReallySuffering,I think I'm the only person on earth who can't just puke and get it over with when I have food poisoning #ridiculous #ReallySuffering
193,Lol I'm having asthma attacks and food poisoning and I have a 9-10 hr work day planned today,Lol I'm having asthma attacks and food poisoning and I have a 9-10 hr work day planned today
194,I would get food poisoning the night before my midtermÃ­Â Â½Ã­Â¸Â“,I would get food poisoning the night before my midterm
195,surprised it took this long for my cooking to give myself food poisoning,surprised it took this long for my cooking to give myself food poisoning
196,Food poisoning sucks. I'm afraid to sneeze.,Food poisoning sucks
196,Food poisoning sucks. I'm afraid to sneeze., I'm afraid to sneeze
197,Able to eat rice today! Food poisoning gone. Need to return all my groceries to @WholeFoods. Food poisoning 2x this year. No thanks WF.,Able to eat rice today! Food poisoning gone
197,Able to eat rice today! Food poisoning gone. Need to return all my groceries to @WholeFoods. Food poisoning 2x this year. No thanks WF., Need to return all my groceries to @WholeFoods
197,Able to eat rice today! Food poisoning gone. Need to return all my groceries to @WholeFoods. Food poisoning 2x this year. No thanks WF., Food poisoning 2x this year
197,Able to eat rice today! Food poisoning gone. Need to return all my groceries to @WholeFoods. Food poisoning 2x this year. No thanks WF., No thanks WF
198,So happy I'm finally feeling better!  Food poisoning is a bitch! Thanks to my love! he was there all night and day taking care of me!,So happy I'm finally feeling better!  Food poisoning is a bitch! Thanks to my love! he was there all night and day taking care of me!
199,Have to admit! food poisoning has taught me that you have to slow down sometimes. #LifeInTheFastLane #TicketedForSpeeding,Have to admit! food poisoning has taught me that you have to slow down sometimes
199,Have to admit! food poisoning has taught me that you have to slow down sometimes. #LifeInTheFastLane #TicketedForSpeeding, #LifeInTheFastLane #TicketedForSpeeding
200,nothing says #YomKippur like food poisoning.  :(,nothing says #YomKippur like food poisoning
200,nothing says #YomKippur like food poisoning.  :(,  :(
0,last line,last line
